sample_id,image_path,split,h2s_concentration_ppm,lighting_type,preprocessing_method,rgb_r_mean,rgb_g_mean,rgb_b_mean,rgb_r_std,rgb_g_std,rgb_b_std,hsv_h_mean,hsv_s_mean,hsv_v_mean,hsv_h_std,hsv_s_std,hsv_v_std,lab_l_mean,lab_a_mean,lab_b_mean,lab_l_std,lab_a_std,lab_b_std,norm_r,norm_g,norm_b,norm_lab_l,norm_lab_a,norm_lab_b,delta_e,ref_patch_delta_e,brightness_mean,brightness_std,blur_score,temperature_c,humidity_pct,exposure_duration_min
H2S-2026-0001,images/train/H2S-2026-0001_0ppm_baseline_daylight.png,train,0.0,daylight,card_warp,152.79766693483506,161.4562885492089,167.79625905068383,80.13521079091502,73.81792634362071,69.03301462746946,64.5290962724591,33.37094395280236,167.80805846071334,49.973754423190094,26.078360584891705,69.04170093243722,64.73766819680405,-1.81650576562081,-4.43349423437919,27.88789765897849,1.5411747625539367,3.505206508271345,0.7415147041129735,0.770205847536213,0.7973753277178164,0.7808739746658677,-0.8451005368626376,-3.5443330143356144,31.84275662947879,32.344683498703134,159.62148028962187,75.11723869608024,581.0500134084205,21.0,51.2,15.0
H2S-2026-0002,images/train/H2S-2026-0002_0ppm_baseline_daylight.png,train,0.0,daylight,card_warp,181.2996781979083,187.21828908554573,192.6441405202467,80.55341085536459,74.45877356112057,68.56696146447844,48.11625100563154,24.430611423974256,192.6459506570126,51.91534356633391,26.596564781329036,68.56811236144559,74.63279331577094,-0.9039286672030035,-3.648766425315098,27.89551947274625,1.1809169666038049,3.9665307263525738,1.0417157638371817,1.0605272164542277,1.1097190269187744,1.059845858388605,0.04405608225234048,-4.938254442744291,23.377617251289426,39.62204891552127,185.86806114239744,75.81475848543893,483.95438481598666,23.0,55.2,15.0
H2S-2026-0003,images/validation/H2S-2026-0003_0ppm_baseline_daylight.png,validation,0.0,daylight,card_warp,169.6627111826227,176.36048538482166,182.16881201394474,82.1627712377735,76.14479856139265,70.66997359816581,54.795186377044786,27.662845266827567,182.17129257173505,52.084870051486625,26.553345277086233,70.67209308049652,70.52931711703184,-0.9928264950388844,-4.199182086350228,28.587790750460446,1.1865495076801458,4.034787967935316,0.9143016329162346,0.935502080672516,0.9712383139986107,0.9418984259441533,-0.11837115734825054,-4.171131977417766,26.896166551887752,36.72839081188245,174.8457361222848,77.47286916816657,910.5771321950524,21.9,46.3,15.0
H2S-2026-0004,images/validation/H2S-2026-0004_0ppm_baseline_LED.png,validation,0.0,LED,card_warp,142.73558594797532,159.59245105926522,182.85176991150442,87.68993527572377,75.34066793553832,58.425391442400496,67.42672298203271,73.27795655671761,182.85176991150442,52.184143462575946,56.909625932187225,58.425391442400496,64.20982337692385,0.48236792705819254,-14.701126307320997,28.303233260713824,0.8883940288203039,11.556220560674618,0.7840197926747026,0.7637943159422275,0.8364415404485779,0.7890348695414681,6.417280781088693,-6.566594716907055,38.567362853745244,36.99314164741598,157.07783588093324,77.1101839325588,670.5510860820596,21.1,43.1,15.0
H2S-2026-0005,images/validation/H2S-2026-0005_0ppm_baseline_LED.png,validation,0.0,LED,card_warp,172.94428801287208,186.11444086886564,203.12939125770984,89.28480945381776,75.50906863101413,57.562447740182975,49.38971574148565,54.30631536604988,203.12939125770984,53.28867103433721,58.933768092035415,57.562447740182975,74.02731111216275,-0.05779029230356664,-10.789353714132476,28.47427785304633,0.8895939323327077,11.811029263645075,1.1140471292949026,1.059529199895312,1.09439769218332,1.0717968891604477,4.1363818209862,-2.9606500104287665,29.038938474057716,44.035123897652994,184.25187717886834,77.38841078258385,841.2061093342885,20.7,53.6,15.0
H2S-2026-0006,images/train/H2S-2026-0006_0ppm_baseline_LED.png,train,0.0,LED,card_warp,160.7094395280236,176.20206489675516,194.50160901045857,90.43120558679188,76.36094133292482,59.556295473070165,55.73625636899973,61.67256637168141,194.50160901045857,52.89154547530667,58.92270369166842,59.556295473070165,70.26914117752223,-0.5892330383480826,-11.73578707428265,28.81538166453846,1.1375095833248998,11.343947842151977,0.9739017656016575,0.9385066351143082,0.9896010312746776,0.9560102322561739,4.454884608710744,-4.228978795415552,32.183637810150174,41.383755363105166,173.58883078573345,78.64668784121979,1028.5211629884661,21.9,59.9,15.0
H2S-2026-0007,images/holdout/H2S-2026-0007_0ppm_baseline_fluorescent.png,holdout,0.0,fluorescent,card_warp,139.1431348887101,160.01407884151246,188.17276749798873,90.62602415507689,75.23440576917803,54.4314304732954,66.96064628586753,84.74886028425851,188.17276749798873,51.83266952563481,66.07573709278417,54.4314304732954,64.40214219235563,1.1572137302225798,-17.739407347814428,28.19717027545891,1.5032443193585774,13.96575245534362,0.8196011044579319,0.7702888296263916,0.8586587229080508,0.8016109675019157,9.976930505821713,-7.540877936049718,40.62914810881539,38.82840948886512,156.95193081255027,77.369327953075,1507.780906409225,21.3,47.5,15.0
H2S-2026-0008,images/holdout/H2S-2026-0008_0ppm_baseline_fluorescent.png,holdout,0.0,fluorescent,card_warp,170.74282649503888,185.72231161169213,207.30544381871815,91.48305637260654,75.88911695925248,53.0616999944359,50.00234647358541,61.54920890319121,207.30544381871815,53.8262595642964,66.73476319712654,53.0616999944359,74.05063124740376,0.8729552158755699,-13.519509251810137,28.41511649727708,1.616575987276521,14.764104080344154,1.154893924594215,1.0570231783250827,1.1093769068812473,1.0755521251798426,6.638205760537878,-4.271415569892925,31.255929874354674,45.50807251358114,183.867994100295,77.6970712491196,823.9386453610139,21.8,59.6,15.0
H2S-2026-0009,images/holdout/H2S-2026-0009_0ppm_baseline_fluorescent.png,holdout,0.0,fluorescent,card_warp,157.75241351568786,176.33051756503085,199.78264950388845,93.0674201560043,76.250127620987,54.62536990373352,56.399034593724856,71.4160632877447,199.78264950388845,53.37865901280764,68.19479178542899,54.62536990373352,70.32611381908623,0.42625368731563423,-14.830919817645482,28.740550501275404,1.5687917236675282,14.301844100986818,1.0191613692865389,0.9390777551828716,0.989133699868644,0.9632598122301445,6.873421443306922,-3.651998249018037,34.5208603604358,43.469549916189806,173.22794314829713,78.91478978120539,1061.2446838075828,23.0,59.1,15.0
H2S-2026-0010,images/test/H2S-2026-0010_0ppm_baseline_dim_indoor.png,test,0.0,dim_indoor,card_warp,164.40734781442745,162.25710646285867,156.78580048270314,72.58084189736391,74.21932528632557,78.07252673626674,15.999329578975596,19.196366318047733,164.78687315634218,18.486229488414736,15.489007345713196,72.29492475777089,65.54012272648399,-0.11061946902654868,3.552829176722982,27.59706221289897,0.5368854963675725,3.46879521823829,0.7774448164118483,0.7772744818326848,0.8022874453870024,0.7923824523804799,1.0220058033046053,-3.509806988854363,27.789760667843584,43.291528584847555,162.19670152855994,74.22076146110419,1068.1531241619737,20.0,52.7,15.0
H2S-2026-0011,images/train/H2S-2026-0011_0ppm_baseline_dim_indoor.png,train,0.0,dim_indoor,card_warp,189.43604183427192,186.77574416733708,182.49658085277554,72.00421327914827,74.67434387859444,78.70917954128574,10.034459640654331,15.919281308661839,189.62737999463664,15.871834928238973,17.50571453013327,71.74035871098839,74.84183322028194,0.3848887101099491,2.78023598820059,27.549186166113145,0.7267147777123661,3.702694958772325,1.0310575250430538,1.0717229570530793,1.1663741624004493,1.0637097300937317,-0.949533947842126,-7.797650722039063,19.527535748611033,50.548795248572006,187.1760525610083,74.21067512037506,500.8273667300447,20.5,51.5,15.0
H2S-2026-0012,images/train/H2S-2026-0012_0ppm_baseline_dim_indoor.png,train,0.0,dim_indoor,card_warp,178.09017162778224,176.7042772861357,172.13629659426118,74.63409612984408,75.80737707033389,79.70316255339496,14.229351032448378,15.423572003218021,178.416867792974,18.750461494485794,15.203768957481339,74.25964877043522,70.9007303645513,-0.05624832394743899,2.52219093590775,28.189653719479846,0.47882261351541955,3.208785276372804,0.9293140002632081,0.9438471508851997,0.9962621223443817,0.9499163369884379,0.19484100067129323,-5.458201220954985,23.149486193667645,48.19225978302934,176.66438723518368,75.81471585308027,1300.9437705490604,21.2,58.1,15.0
H2S-2026-0013,images/train/H2S-2026-0013_5ppm_daylight.png,train,5.0,daylight,card_warp,152.4766023062483,160.47888173773129,166.79806918744973,80.42109893100192,74.55886461418888,69.83870423174557,64.51870474658085,32.17927058192545,166.82636095467953,49.99291970610527,25.137402820217503,69.85425690696593,64.35592257820265,-1.7657548940734782,-4.414655403593457,28.177068906208376,1.5373151483584189,3.522600253435871,0.7423671987554297,0.7705071225036699,0.7977307462105931,0.781141628376655,-0.9310599049667272,-3.594121634530282,32.15932693759065,32.19022149430352,158.67249932957898,75.85657945250306,1147.320193081255,20.0,44.8,15.0
H2S-2026-0014,images/test/H2S-2026-0014_5ppm_daylight.png,test,5.0,daylight,card_warp,181.36571466881202,186.34298739608474,191.75455886296595,80.44353200481314,75.24124482845464,69.26725849942514,48.78492893537141,22.83675248055779,191.80396889246447,52.79919029027377,25.038703604968713,69.29092693840803,74.29566355906803,-0.4550147492625369,-3.6324081523196567,28.2049634326639,0.7757735132731476,4.028088343438547,1.0480581147523322,1.057750585828604,1.1128504554065164,1.0591753987492378,0.9954209805849616,-5.406373293931852,23.624409460935592,39.27764926537548,185.43624296057925,76.15124573026246,781.9441455821141,22.5,56.3,15.0
H2S-2026-0015,images/train/H2S-2026-0015_5ppm_daylight.png,train,5.0,daylight,card_warp,169.64869938321266,176.86571466881202,182.07227138643069,82.16868967519193,75.6432245965143,70.60788808419498,54.12288817377313,27.66519174041298,182.14152587825154,51.48511238337211,26.624928746488717,70.64562254595849,70.54661660856351,-1.5151515151515151,-3.6643872351836952,28.54935141447255,1.637289548636731,3.6238379972350376,0.9143871560647329,0.9387353422832546,0.9680334245004661,0.9431814017795678,-0.6385175282234168,-3.464223836490887,26.5685164711414,37.20033997754613,175.32622687047467,76.98205874052924,893.6319975531521,21.3,51.7,15.0
H2S-2026-0016,images/train/H2S-2026-0016_5ppm_LED.png,train,5.0,LED,card_warp,141.83869670152856,160.72599892732637,182.75677125234648,87.88829024598873,74.41623223901577,58.41405683400976,67.20716009654063,74.68738267632072,182.75677125234648,50.88333415811323,57.5922937778027,58.41405683400976,64.42222853206715,-0.8069857870742827,-14.114574953070528,28.08350371728682,1.1034366973163299,11.05972229250184,0.7808641371406833,0.7684901944984869,0.8352681913369564,0.7916927785617067,5.4054325135793135,-5.932657741741549,37.980807766600506,37.234908175907435,157.52017967283453,76.58159445414464,630.4499865915795,24.4,57.0,15.0
H2S-2026-0017,images/train/H2S-2026-0017_5ppm_LED.png,train,5.0,LED,card_warp,173.28211316706893,186.03761061946904,202.64561544650041,88.74138821024798,75.45178839484473,57.98679508832531,49.568114776079376,52.998525073746315,202.64561544650041,53.29521159228045,57.39473438829617,57.98679508832531,74.1614741901051,-0.06275140788415125,-10.374564226334138,28.280388962008477,0.8455895974872698,11.334590233059703,1.108941741999113,1.063871702812245,1.1057503528041452,1.0752107006126375,3.541006762050485,-3.567102352695793,28.630622806918836,43.91851963164574,184.18765084473048,77.30458185161986,764.1058497668286,21.4,40.3,15.0
H2S-2026-0018,images/train/H2S-2026-0018_5ppm_LED.png,train,5.0,LED,card_warp,161.07750067042102,175.63039688924644,194.46346205417,89.89342950305709,76.74068216672623,59.496966739003845,56.393872351836954,61.205349959774736,194.46346205417,53.34521208049395,58.355286839176365,59.496966739003845,70.05163556438934,-0.09607133279699652,-12.231563421828909,28.960930985700752,1.00938641755133,11.808185217449488,0.9682670566000873,0.9330378333552464,0.9894960613357061,0.9497804788909586,4.806978776135465,-5.219580851022812,32.70652005793168,41.27913009930607,173.5048270313757,78.55967965264469,963.3367287443455,22.8,45.7,15.0
H2S-2026-0019,images/holdout/H2S-2026-0019_5ppm_fluorescent.png,holdout,5.0,fluorescent,card_warp,139.62691069991956,159.96171895950658,188.135961383749,90.00723979328612,75.20750375047011,54.41801489660596,67.91237597211048,83.61316706891928,188.135961383749,51.43067963725674,64.96903669453344,54.41801489660596,64.37782299833314,1.135290962724591,-17.750871547331723,28.179629267646874,1.476348414775088,13.948018269311552,0.8069433483797779,0.7706166618814886,0.8589764554495548,0.7998696758597251,8.849615581460975,-7.572494641013645,40.65290257328176,38.59873415926522,156.88535800482703,77.31396410395192,1469.6814159292035,24.3,57.5,15.0
H2S-2026-0020,images/holdout/H2S-2026-0020_5ppm_fluorescent.png,holdout,5.0,fluorescent,card_warp,170.75636899973182,186.0589970501475,208.55222579780101,91.04163711871888,75.49558978068545,51.81646701026778,52.069656744435505,62.521051220166264,208.55222579780101,53.588383488469425,67.3778974637461,51.81646701026778,74.17091266648788,1.1989809600429069,-13.99014481094127,28.250627991799924,2.14697652836907,15.226262472172687,1.1635587710172697,1.0575052002658305,1.1060023557380634,1.078142039902395,6.893153073332674,-4.127127381747368,31.59429536644758,45.65016816213826,184.1181952266023,77.2744855241406,428.28727868105716,22.1,51.7,15.0
H2S-2026-0021,images/holdout/H2S-2026-0021_5ppm_fluorescent.png,holdout,5.0,fluorescent,card_warp,158.03238133547868,175.24175382139984,199.24510592652186,92.47396528654589,77.10842487798065,55.01708326610073,59.59540091177259,70.5890989541432,199.24510592652186,53.20260437355381,67.10368023448399,55.01708326610073,70.08594534622645,0.9080852775543041,-14.887838562617324,28.901191400334344,1.7700880334757796,14.299166670316513,1.0178969434124276,0.9325584617813006,0.9941678836859826,0.958258692640395,7.728891377772169,-4.415071678085729,34.73935007112777,43.09353908061163,172.61383748994368,79.28815593954951,992.2611761647833,23.3,45.0,15.0
H2S-2026-0022,images/train/H2S-2026-0022_5ppm_dim_indoor.png,train,5.0,dim_indoor,card_warp,164.9393268972915,162.18557253955484,156.35096540627515,72.0706649865105,74.18216488098838,77.7344642736711,15.822874765352642,20.649637972646822,165.2691069991955,18.229158734101006,16.265395388917238,71.80222690452597,65.7271044647411,-0.11222847948511665,3.738267632072942,27.404922196243334,0.6706169598369787,3.6119623817195476,0.7785707690319232,0.7767949996285826,0.8027987803546427,0.7936879648165961,1.00814189088525,-3.934390319996785,27.555569306376483,43.10429763996286,162.1022392062215,74.14978945911415,1029.0852775543042,23.9,45.9,15.0
H2S-2026-0023,images/test/H2S-2026-0023_5ppm_dim_indoor.png,test,5.0,dim_indoor,card_warp,188.8539152587825,186.6244971842317,183.08004827031377,72.48225972897394,74.65475099136866,77.61327435099022,10.771453472780907,13.666063287744704,189.09935639581659,16.424073593631906,15.059802263755607,72.14969686676157,74.7855704362732,0.3580048270313757,2.4064762670957363,27.541795429506315,0.7707204884453877,3.4419927247808437,1.0437419975199753,1.0633874483432006,1.1350925898230375,1.063741612631741,0.29781964184618526,-5.873480159919528,19.75389733517285,50.68953143524099,187.0131402520783,74.18524890277988,464.8528923093844,21.6,56.2,15.0
H2S-2026-0024,images/validation/H2S-2026-0024_5ppm_dim_indoor.png,validation,5.0,dim_indoor,card_warp,178.52661571466882,175.07253955484043,171.77198980960043,74.09957950348537,77.18356601969367,79.44106397389189,11.622485921158487,16.62731295253419,178.8156342182891,18.700324771752,15.974946933209893,73.75173750361836,70.46740176360166,0.9349691606328775,2.1275140788415126,28.538633924037853,1.1437601091588905,2.950715539053832,0.9298498635533087,0.9330710591257122,1.0011551184660348,0.9428115703801097,1.5760366987592418,-6.528804003947146,23.766843937010606,47.95630730684998,175.5457227138643,76.66901914542962,1234.5963118456652,21.5,48.7,15.0
H2S-2026-0025,images/train/H2S-2026-0025_10ppm_daylight.png,train,10.0,daylight,card_warp,152.71554035934568,160.74805577902924,166.9363100026817,80.14749327528999,74.2284417931419,69.4570366048703,64.69757307589165,32.05195762939126,167.01307320997586,49.59768874545503,25.049576390478812,69.51597803464114,64.4647411123205,-1.7902923035666398,-4.362094395280236,28.04999900642612,1.5258133406811134,3.5335359227924967,0.7403764179161164,0.7672878379032554,0.7936595939580522,0.7778604591468387,-0.8820679026951788,-3.4922686872192354,32.039556441010085,32.071404768045895,158.92665593993027,75.53967173616032,587.7181550013408,20.5,58.8,15.0
H2S-2026-0026,images/train/H2S-2026-0026_10ppm_daylight.png,train,10.0,daylight,card_warp,181.33467417538213,186.72620005363368,191.6446098149638,80.42918667930395,74.75923982666876,69.26885481630558,47.872217752748725,22.784928935371415,191.73116116921426,51.802797189571464,24.937570283411695,69.30734769398089,74.44583786853438,-0.8940064360418343,-3.585880933226066,28.02002570994599,1.1035008582838446,4.037609681046462,1.0384087562255209,1.06066531351141,1.1084493268530577,1.059305145414606,-0.30686046654292864,-4.986752392921064,23.475083114614993,39.465400848534834,185.8124832394744,75.67908284165895,747.8946641102572,20.7,52.2,15.0
H2S-2026-0027,images/test/H2S-2026-0027_10ppm_daylight.png,test,10.0,daylight,card_warp,169.62530168946097,175.75905068382946,182.46869133816037,82.14884505645404,76.53982185845759,70.13382429656232,55.64125770984178,28.547398766425314,182.5289621882542,52.922573930751945,27.49744556393521,70.17133309807316,70.30502842059323,-0.9594395280235988,-4.643939393939394,28.740663636514324,1.1272146317907883,4.55544462876041,0.9135423075623496,0.9306648662175552,0.9726069458869334,0.9376727602804676,0.2113121059633256,-4.875148544266199,27.343996700048844,36.52991693421045,174.73712791633145,77.43729557832135,859.4808543828276,23.0,58.8,15.0
H2S-2026-0028,images/test/H2S-2026-0028_10ppm_LED.png,test,10.0,LED,card_warp,141.5879592384017,159.6863100026817,181.07602574416734,88.23690258980697,75.28340093397854,59.595799161866076,69.15533655135425,73.53157683024939,181.07602574416734,50.027938751792576,56.81820956825752,59.595799161866076,64.01169424594725,-0.7355189058728882,-14.067511397157414,28.43428710846293,1.0727625059561603,11.044593221223787,0.7727433314557574,0.7686283620533969,0.8373057147548979,0.7901080275523517,4.980984362100974,-6.421814229401416,38.2482726364528,36.92740909451848,156.55101903995708,77.4167370678469,1322.9513274336284,21.4,41.8,15.0
H2S-2026-0029,images/train/H2S-2026-0029_10ppm_LED.png,train,10.0,LED,card_warp,172.63435237329043,186.40634218289085,202.60210512201664,89.12370529584011,74.96916688105561,57.95843026604989,50.962456422633416,54.08534459640654,202.60210512201664,52.6509176765281,58.297294746045935,57.95843026604989,74.1381540548641,-0.5483373558594797,-10.388441941539286,28.26022730114103,1.0771446506604025,11.317267435016158,1.117057441015573,1.0607699532375934,1.0973935766253473,1.0723604121190093,3.9712704872777715,-3.1844659066809005,28.64422930158106,44.20332580528664,184.07347814427462,77.26848458008189,704.1500110415412,22.1,57.6,15.0
H2S-2026-0030,images/train/H2S-2026-0030_10ppm_LED.png,train,10.0,LED,card_warp,160.45648967551622,175.90071064628586,194.30014749262537,89.80215537092856,76.33971229227282,59.56575295103083,61.95803164387235,61.52272727272727,194.30014749262537,51.79926220016541,58.009036857754566,59.56575295103083,70.14496868739451,-0.2543577366586216,-11.81436041834272,28.796362033283806,1.2536074720424486,11.311743838704029,0.9801542939225646,0.9320359094398204,0.9773657303466202,0.9507705774911587,4.972494115193226,-3.5643604183427193,32.33144194425259,41.598053223933064,173.17933762402788,78.57220925386044,479.73943582138094,21.7,52.0,15.0
H2S-2026-0031,images/holdout/H2S-2026-0031_10ppm_fluorescent.png,holdout,10.0,fluorescent,card_warp,135.26005631536606,160.33534459640654,188.03868329310808,85.29168016509732,74.7366111685766,54.6073042271939,100.30282917672298,88.18812013944758,188.03868329310808,10.430570620695923,60.493362542499995,54.6073042271939,64.25846176496879,-0.7490614105658353,-17.694489139179403,27.70237624693145,2.853391569218639,12.989100539979942,0.7868803250818276,0.7670927875311133,0.8503696485999465,0.7930953780179312,7.716352532789282,-7.2072887034495565,40.63765001889516,38.85049686448319,156.03016894609814,75.45765100148375,640.28653794583,22.3,43.4,15.0
H2S-2026-0032,images/holdout/H2S-2026-0032_10ppm_fluorescent.png,holdout,10.0,fluorescent,card_warp,167.1413247519442,186.05624832394744,207.70038884419415,89.31210926774179,75.30701521864776,52.52507225304745,77.16760525610083,65.58722177527487,207.70038884419415,42.81805804316025,65.1498311928464,52.52507225304745,73.99760225892449,-0.1419951729686243,-13.900308393671226,28.035663283728162,2.772543501443077,14.469400579717277,1.1459557231024327,1.0663780278294275,1.1080927006760073,1.0816475463120494,5.201959075397394,-3.627432576677764,31.5538978828031,45.79049612715266,182.88475462590506,76.8211742902637,670.5480303537298,24.7,40.0,15.0
H2S-2026-0033,images/holdout/H2S-2026-0033_10ppm_fluorescent.png,holdout,10.0,fluorescent,card_warp,154.79364440868866,175.64936980423707,199.72566371681415,89.19764019106923,76.63172781887044,54.5325717542775,86.37724591043175,74.26803432555644,199.72566371681415,35.719849270252396,64.34384474509663,54.5325717542775,70.05915479627087,-0.16458836149101636,-15.290962724591044,28.51778991374777,2.9359039066867822,13.947511126533787,0.9950358034106709,0.9359850440811068,0.9983401267174257,0.9594643163664155,6.298919263781312,-5.325004118926561,35.0270644972538,42.937545143200424,172.05142129257175,77.8093664242506,944.5265632891469,22.9,58.2,15.0
H2S-2026-0034,images/train/H2S-2026-0034_10ppm_dim_indoor.png,train,10.0,dim_indoor,card_warp,164.19938321265755,160.15855457227138,151.4905470635559,72.38892094228268,75.44429410966207,72.75263621225844,23.079109680879593,24.83869670152856,164.49410029498526,16.031701821691538,11.225240637549916,72.0807676588665,64.86996461228632,-0.18047733976937516,5.089970501474927,27.787572154219458,1.6210054147541162,2.6302648308459102,0.7818298387259168,0.7728404472094277,0.81514440283721,0.7915457799833253,2.353019392256762,-5.717763703318109,28.008194250963673,43.408306913385296,160.2584473049075,74.36852181613644,1936.2451059265218,20.1,45.5,15.0
H2S-2026-0035,images/train/H2S-2026-0035_10ppm_dim_indoor.png,train,10.0,dim_indoor,card_warp,188.37221775274872,185.6761866452132,176.45038884419415,72.77903896135011,75.45393956098967,74.13972981194205,22.838361491016357,20.512872083668544,188.57059533386968,15.92986541263015,13.239897529901365,72.5104585825787,74.32787005925995,-0.5193081255028158,4.90935907750067,27.774491873043615,1.820472932739503,3.7254555972208054,1.0354754583994032,1.0592726463387403,1.1407164939302374,1.056130764471661,0.14654154769979932,-6.5892792667259075,19.047635811628453,50.387650192951114,185.50234647358542,74.41072648483664,712.4155675240721,21.2,58.4,15.0
H2S-2026-0036,images/train/H2S-2026-0036_10ppm_dim_indoor.png,train,10.0,dim_indoor,card_warp,179.02091713596138,176.0214534727809,164.00724054706356,73.5656657582531,76.19238044022126,73.6350129076235,25.94153928667203,26.116183963529096,179.23726200053633,14.874172845924948,13.18744347497744,73.30335115494373,70.73233637783352,-1.1357602574416734,6.811410565835344,28.039495870670585,1.6207971719781755,3.557466944242609,0.9234934586685054,0.939994818512286,1.0068135517292516,0.946352179962252,-0.18723084567696335,-6.46282690693154,21.89185709594892,47.944501983975485,175.6785331187986,74.902023053737,1179.3476281694338,23.5,41.9,15.0
H2S-2026-0037,images/train/H2S-2026-0037_15ppm_daylight.png,train,15.0,daylight,card_warp,152.6560740144811,160.70333869670154,166.74061410565835,80.12278960798973,74.21725999386555,69.27548543706132,64.72472512738,32.22666934835076,166.97914990614106,49.58080086063931,24.91840348664904,69.50473692531102,64.44583786853438,-1.813891123625637,-4.292035398230088,28.039621474211636,1.5391416253306496,3.7212642082960383,0.7399845598547558,0.7670135733810549,0.7925609140387762,0.7775441893615678,-0.9565926486800997,-3.418941716312877,32.020691543834474,32.071404768045895,158.85827299544113,75.50362080345758,573.4805577902923,23.3,44.2,15.0
H2S-2026-0038,images/train/H2S-2026-0038_15ppm_daylight.png,train,15.0,daylight,card_warp,180.81670689192813,186.68946098149638,191.5392196299276,80.8563532299525,74.68608102450521,69.21244614636169,48.02668275677125,23.725127379994635,191.67263341378384,51.6188907347167,25.84227825777734,69.2726377582047,74.42906419741402,-0.9377849289353715,-3.562684365781711,27.99303631501959,1.1356230049696066,4.068964930370534,1.0440837326841375,1.0678404988442716,1.105419522396723,1.0663732706173794,-0.6659984365606415,-4.147924017197829,23.472085556307345,39.767072369073624,185.34070796460176,76.05177438325313,693.0433345974068,23.5,39.8,15.0
H2S-2026-0039,images/validation/H2S-2026-0039_15ppm_daylight.png,validation,15.0,daylight,card_warp,169.36692142665595,176.56710914454277,182.04518637704479,82.22401314268865,75.67173119889188,70.21870574228409,54.165929203539825,28.347613301153125,182.2227809064092,51.23861536275231,27.1165415671761,70.31290859614147,70.43072578991372,-1.5396889246446768,-4.030973451327434,28.569768481841464,1.6279665694626233,4.12888764822737,0.9079612698569557,0.9351553482108502,0.9630133291889125,0.9386953960991469,-1.1058653952329087,-3.403794802089955,26.87967566549943,37.01828575303027,175.01448109412712,77.01565529578053,451.6159938940447,21.5,58.6,15.0
H2S-2026-0040,images/train/H2S-2026-0040_15ppm_LED.png,train,15.0,LED,card_warp,138.37295521587558,159.95897023330653,182.0322472512738,83.72115852457061,74.85278520931536,58.79228420711894,99.11256368999732,77.49316170555109,182.0322472512738,15.001322918256326,53.013229868247365,58.79228420711894,63.91297146372628,-1.3243496916063289,-14.494502547599893,27.97764858498936,2.277138061148529,10.614962563437361,0.7591459462144636,0.7650319414209465,0.833706366472604,0.7841233669075954,4.790574055670362,-6.49858751492016,38.61275747683241,37.207811743787836,155.80591311343522,75.78511788040522,596.05054974524,22.9,52.2,15.0
H2S-2026-0041,images/train/H2S-2026-0041_15ppm_LED.png,train,15.0,LED,card_warp,169.94817645481362,185.86792705819255,202.5526950925181,86.82528119334162,75.41789529747648,57.92500513834649,76.39856529900777,56.73645749530705,202.5526950925181,43.331272664837556,56.06330524612162,57.92500513834649,73.76742437387935,-0.9570930544381872,-11.140788415124698,28.28417290746546,1.928991172228173,11.536707724588021,1.1024619759386973,1.0582242608518162,1.0967295950297806,1.0684422070022934,3.639039843165295,-3.4890999619656586,29.46056251061333,43.89083875385673,183.24255832662914,76.58969069201561,651.9951386655052,23.1,50.2,15.0
H2S-2026-0042,images/validation/H2S-2026-0042_15ppm_LED.png,validation,15.0,LED,card_warp,157.29444891391793,175.9767363904532,194.38019576293914,87.17376403936417,76.21743154278718,59.41720450165315,84.38307857334406,64.9989943684634,194.38019576293914,36.958886771831125,55.771175711887274,59.41720450165315,69.99206011178941,-1.586283185840708,-12.117725931885223,28.558616284115576,1.7995551121012874,11.021862259064523,0.9610978634525639,0.9382605026894516,0.9838752117154483,0.9532502433572765,3.436047968843388,-3.855743361079126,32.655135127918534,41.64344129026651,172.3884419415393,77.5205529747242,861.6289710444998,21.2,52.7,15.0
H2S-2026-0043,images/holdout/H2S-2026-0043_15ppm_fluorescent.png,holdout,15.0,fluorescent,card_warp,128.992692410834,160.18865647626708,189.21661303298472,77.27200661560674,74.77698814876634,53.70945315515142,100.73256905336551,95.62174845803165,189.21661303298472,8.342069239568849,53.37678315968857,53.70945315515142,63.809332260659694,-2.1177259318852237,-19.005564494502547,27.177693749591736,5.4972217638962055,12.615241205896735,0.743520413612362,0.7661214756581999,0.8543466617036435,0.7873787782684787,5.8664788611431025,-8.809486063129992,41.92025868803111,39.00834047209183,154.0673102708501,73.04576458324665,618.6948243496917,23.7,49.2,15.0
H2S-2026-0044,images/holdout/H2S-2026-0044_15ppm_fluorescent.png,holdout,15.0,fluorescent,card_warp,158.32468490211852,185.51354250469294,207.19160632877447,81.37022637517371,75.76105605743489,52.991758486503024,97.91284526682757,74.32830517565031,207.19160632877447,11.137655883373858,57.21882954865568,52.991758486503024,73.19428012556591,-2.886497720568517,-14.847747385358005,27.657020504534806,5.012165681256604,13.601818578602757,1.0673711437148146,1.0579913679024278,1.1036865759208683,1.0650005926414678,2.290517529976139,-5.331679847231641,32.833146564308954,45.58387663101517,179.7617994100295,74.87916460262142,615.032674309826,23.0,35.6,15.0
H2S-2026-0045,images/holdout/H2S-2026-0045_15ppm_fluorescent.png,holdout,15.0,fluorescent,card_warp,144.46781979082863,175.1048538482167,199.69871279163314,79.5748640836537,77.025159319404,54.4863026322235,99.30758916599625,84.64936980423705,199.69871279163314,9.859555401927468,54.80875487938424,54.4863026322235,69.17961499429485,-3.2314293376240277,-16.8342719227675,27.982679288401684,5.7438571541379275,13.325117273335913,0.9492047121031265,0.9305636095285156,0.9892676730368295,0.9458253471235971,4.307241686341109,-5.381657543682536,36.83971343555104,43.25850502073605,168.62228479485117,75.23564035090956,884.9958576781203,21.6,37.6,15.0
H2S-2026-0046,images/train/H2S-2026-0046_15ppm_dim_indoor.png,train,15.0,dim_indoor,card_warp,164.79270581925448,160.14038616251005,144.21520514883346,71.89528745077554,75.4369207876643,63.71113367378891,22.54035934566908,33.19971842316975,165.05879592384017,16.593112102496498,5.802298619431195,71.61120829819694,64.72625789387892,-0.8173102708500939,8.555376776615715,27.60961962352029,3.5140141081185132,5.727681268661323,0.7839149130521499,0.7738123723401633,0.7849656451226553,0.7907010695593788,1.352079707363408,-3.2621613497459396,27.49101331634425,43.1387988315451,159.9391257709842,72.81648113805358,1906.4174041297936,24.9,51.4,15.0
H2S-2026-0047,images/train/H2S-2026-0047_15ppm_dim_indoor.png,train,15.0,dim_indoor,card_warp,188.79062751407884,185.61423974255834,166.98270313757038,72.25390776674851,75.42125743031048,65.50429696990989,25.39742558326629,30.798806650576562,188.96983105390186,14.551588583353771,8.31104239961431,72.0100660516535,74.11919822903685,-2.0567846607669615,9.4556181281845,27.568163768961114,3.0011272508117997,5.591276889886279,1.0429385739564396,1.0582895158410244,1.0614409763413561,1.0552731145776681,-1.657547188000077,-0.8532054012272674,18.09181430651261,50.281435620800465,184.3710109949048,73.38083015284191,661.657788936719,20.6,59.3,15.0
H2S-2026-0048,images/train/H2S-2026-0048_15ppm_dim_indoor.png,train,15.0,dim_indoor,card_warp,178.9609144542773,175.95702601233575,158.07669616519175,73.53164673396381,76.15054982409987,65.50059225011412,25.561812818449987,31.197841244301422,179.22499329578974,15.600692427659956,7.354393185093259,73.21601649387351,70.53746733340695,-1.8100026816840975,9.091177259318853,27.842347590313583,3.0246766857564,5.63695616451873,0.9327443023926745,0.9354903716791935,0.9160626918562854,0.9418527896504859,-0.9793926598975995,0.5647611373145036,21.673893571428575,47.92778155698217,174.9057388039689,74.07811965075865,1135.6322431989033,21.5,52.6,15.0
H2S-2026-0049,images/train/H2S-2026-0049_20ppm_daylight.png,train,20.0,daylight,card_warp,152.37691069991956,160.39742558326628,165.87925717350495,80.40375996009126,74.5295426392058,67.64601200818414,71.80913113435237,34.80370072405471,167.32971305980155,42.72493172122836,24.35176646878388,69.40142618104679,64.31987758900826,-1.4452266023062483,-4.347680343255565,28.161440688523392,0.9443573561826054,4.950904916187636,0.7427731145394435,0.771033452428911,0.7917154184634494,0.781666715283979,-0.9378736611297844,-3.0451204304015285,32.15017971987331,32.188944903120984,158.44784124430143,75.65557337754092,1110.3417806382408,23.9,41.7,15.0
H2S-2026-0050,images/train/H2S-2026-0050_20ppm_daylight.png,train,20.0,daylight,card_warp,180.2668275677125,186.14668812013946,189.15513542504692,81.2910778749205,75.13390345957792,68.05030783468149,55.164722445695894,26.045119334942346,191.14320193081255,46.35193663516283,24.9176178634146,69.7015676713705,74.19886002134831,-1.2512737999463663,-2.7103781174577635,28.152152935434973,1.1280994311148722,5.147390707790397,1.0357114996786816,1.0594877467281387,1.0853233765811563,1.0569826638084094,-0.8588446060465795,-3.2313476163684514,23.094132315821504,39.25606943500505,184.5862831858407,76.31165894935252,639.4678619101328,21.2,44.6,15.0
H2S-2026-0051,images/test/H2S-2026-0051_20ppm_daylight.png,test,20.0,daylight,card_warp,169.45307052829176,175.61591579511932,180.11088763743632,82.06310164423884,76.4487528451915,68.87623839610276,62.22512737999464,29.235585947975327,181.87194958433898,46.1503105951043,24.944457139956647,70.57162089321616,70.23672434916578,-1.27420219898096,-3.3629659426119605,28.692292554759607,1.0312401378537464,5.133736412850818,0.9116333184574921,0.9288889441375657,0.9596408197031644,0.9353442352279787,-0.08411505301146027,-3.618957228015002,26.640872291536823,36.607356412871006,174.40868865647627,77.1783147368318,768.8835333593519,22.6,46.4,15.0
H2S-2026-0052,images/validation/H2S-2026-0052_20ppm_LED.png,validation,20.0,LED,card_warp,132.10163582729953,159.6796728345401,180.42350496111558,76.2213892707471,75.23342662640717,59.991585469204274,99.9687583802628,82.38508983641727,180.42350496111558,7.750783667008922,44.325292625886455,59.991585469204274,63.37897454503389,-3.836082059533387,-14.50194422097077,27.61891384313435,3.7526090024486596,9.269312222381895,0.7185168717315928,0.7691973535294528,0.8356891158764904,0.7826056808784295,1.7159331910112692,-7.135658817920657,39.10958331449814,36.873569036979575,153.72351836953607,73.8730718518013,1253.2725931885225,22.7,50.4,15.0
H2S-2026-0053,images/train/H2S-2026-0053_20ppm_LED.png,train,20.0,LED,card_warp,162.6348216680075,186.73176454813623,202.9569589702333,80.23499019771177,74.40548482850288,57.4255416843044,96.8048404397962,64.46882542236524,202.9569589702333,11.16429059341754,50.035675462355236,57.4255416843044,73.62098338933322,-3.778626977742022,-11.519509251810137,27.45382036896818,3.2901910408125525,10.306763443203536,1.043718873719675,1.0716883075352701,1.0963658171993307,1.0715755963892488,-0.7802609646701204,-3.2575266810040393,29.977930797548115,44.513514502906574,181.48183159023867,74.08367562871615,590.1813718232668,20.7,48.3,15.0
H2S-2026-0054,images/train/H2S-2026-0054_20ppm_LED.png,train,20.0,LED,card_warp,149.2378653794583,175.66800750871548,194.12503352105122,78.36035436583983,76.24627444450996,59.50983286253723,98.88026280504157,72.61276481630463,194.12503352105122,8.414804811883249,46.61074302797108,59.50983286253723,69.32558274047082,-3.7783588093322606,-13.058728881737732,28.00176414068318,4.076067201157129,10.04903689404919,0.9068127298853098,0.9303115690573518,0.9781208980165265,0.9375051834229085,1.3362926067897405,-5.056277901345577,33.90852944173583,41.399561322570065,169.68778492893537,75.10854887873785,409.0508775665583,24.5,51.9,15.0
H2S-2026-0055,images/holdout/H2S-2026-0055_20ppm_fluorescent.png,holdout,20.0,fluorescent,card_warp,121.95749530705282,159.44422097076963,189.07823813354787,68.43954247551088,75.09510131744189,53.71206725637763,101.322472512738,102.58695360686511,189.07823813354787,8.711716261189379,44.5051078790413,53.71206725637763,63.097187386619964,-3.617122552963261,-20.228345400911774,26.77130884055946,8.377612531043587,12.185282567946173,0.7051897386449139,0.7629874456469935,0.8523823904760234,0.7790100786020341,4.20967483265766,-9.244957601347505,43.369207448394306,38.782531933587634,151.86216143738267,70.42907638523326,594.2188254223653,21.5,52.5,15.0
H2S-2026-0056,images/holdout/H2S-2026-0056_20ppm_fluorescent.png,holdout,20.0,fluorescent,card_warp,148.87556985787074,186.34204880665058,208.08708769107,72.71744979394795,74.77400960136578,51.990966499501326,97.90164923572003,84.28057119871279,208.08708769107,8.545842494216272,49.125905313900276,51.990966499501326,72.92432392640617,-5.854250469294717,-15.840976133011532,26.741165587528887,7.469923337008453,12.745315513449489,1.045390139344472,1.0663200874221719,1.0975990674473521,1.0689962764179723,0.2938976788534351,-4.476324716889531,34.096409155837,46.046885776804544,177.75724054706356,71.35738296806257,557.579871949944,24.2,50.7,15.0
H2S-2026-0057,images/holdout/H2S-2026-0057_20ppm_fluorescent.png,holdout,20.0,fluorescent,card_warp,138.30490748189862,175.80148833467416,200.05665057656208,71.67588511784524,76.12444434971775,54.162489760118284,98.99490480021454,90.90010726736391,200.05665057656208,8.537141467954989,46.99020024718316,54.162489760118284,69.03543503751727,-5.322807723250201,-17.075221238938052,27.195244326698976,7.700291848821231,12.168047660477542,0.8977218609223211,0.9325328461732929,0.9913711716259012,0.9415047285208419,2.015699902022127,-6.172171130005591,37.30182838174927,43.244924186608586,167.28083936712255,72.2998567003272,415.49822635973936,22.7,57.8,15.0
H2S-2026-0058,images/validation/H2S-2026-0058_20ppm_dim_indoor.png,validation,20.0,dim_indoor,card_warp,164.14025207830517,160.59218289085547,139.1790024135157,72.49477866212187,74.98193589936889,56.64961848806085,23.884687583802627,36.58024939662108,164.47043443282382,15.799324096438312,9.879927227403392,72.18901917359294,64.7937206526483,-2.1611692142665593,11.233440600697238,27.30309140069418,4.032970756744817,8.88319649278888,0.7751516042357602,0.7704658057044285,0.7172584535335267,0.7835445757203399,-1.2238053798439044,3.3508153283660835,27.241834798393356,43.050950592164995,159.22385358004826,72.12648094850857,996.0934566908019,20.6,44.2,15.0
H2S-2026-0059,images/validation/H2S-2026-0059_20ppm_dim_indoor.png,validation,20.0,dim_indoor,card_warp,187.80028157683026,185.99812282113166,161.57602574416734,73.19751253033758,74.88772321228912,58.71150267349387,26.55799141861089,33.71406543309198,188.05182354518638,12.677045570933869,9.762957123546412,72.86304269961936,74.12606018540428,-3.4599088227406813,12.403727540895682,27.25008217017206,3.3308353352129187,7.878496864366281,1.0459348597869018,1.0764808349121466,0.994832511217649,1.065269165007139,-4.8833837682744505,5.786625144381526,18.046935247827125,50.88214144071429,183.60311075355324,72.69250822417325,611.472161090576,20.7,58.7,15.0
H2S-2026-0060,images/train/H2S-2026-0060_20ppm_dim_indoor.png,train,20.0,dim_indoor,card_warp,179.3980960042907,174.83614910163584,148.95997586484313,73.03091460605013,77.04719516947337,57.13592698961199,23.53834808259587,41.66043175113972,179.63173773129526,16.831331373411142,8.674266502575026,72.7408364886217,70.14073583308357,-2.4716411906677394,13.216478948779834,27.85212361872387,4.716905317889395,9.399936628860942,0.9227557712037858,0.9314975232566033,0.9035557578910309,0.9360695443387298,-1.8433732168115284,0.7118493191502147,21.942492537219447,47.63271936057271,173.33715473317244,73.52216909846905,1088.0185282688985,23.1,58.5,15.0
H2S-2026-0061,images/train/H2S-2026-0061_30ppm_daylight.png,train,30.0,daylight,card_warp,147.11330115312416,159.46735049611155,153.5551756503084,74.6374802232783,71.8675170296121,52.933293878817764,77.56529900777689,45.670555108608205,165.2235854116385,30.779559697479904,11.535408161206666,67.58085219728822,63.56579853716761,-4.787878787878788,0.8000134084204881,26.621908772197493,2.6524179591632513,10.200327975199803,0.7144340825953871,0.76080288205757,0.7289624021987406,0.7666962649391524,-3.934665280253518,1.947344563104584,30.794342632895457,32.50998398198519,155.3452668275677,70.2918273672393,385.6166532582462,24.1,37.3,15.0
H2S-2026-0062,images/train/H2S-2026-0062_30ppm_daylight.png,train,30.0,daylight,card_warp,177.27272727272728,184.77239206221506,175.9898766425315,77.89959937527072,73.19533824155731,54.586449251623776,65.72123893805309,38.908286403861624,190.21419951729686,35.478337763905344,14.345141605354453,67.30467933251462,73.35859900409615,-3.8196567444355054,3.020514883346742,27.108913588103988,2.2458638219968674,10.246321745314628,1.0238017755963313,1.0542131807717823,1.0108412070491903,1.04835585406782,-3.38746720195185,2.7394691317127453,20.88261114436418,39.678536023704325,181.32689729149905,72.66327729357208,513.3608701442838,21.4,59.6,15.0
H2S-2026-0063,images/test/H2S-2026-0063_30ppm_daylight.png,test,30.0,daylight,card_warp,165.9149235720032,175.04250469294718,166.18979619200857,78.06466153729863,73.52632050990694,54.28135393751702,70.16968356127649,41.45749530705283,180.2377312952534,34.51106748890673,12.019008287103679,68.62329153706575,69.51043490606217,-4.497452400107267,2.9104317511397158,27.377417335539928,2.1337501560773715,10.414081481790928,0.8866180591666969,0.9262429078528545,0.884491808188583,0.925336633972012,-4.129260678974365,2.54332935462556,24.507814312095885,37.03400729874105,171.31965674443552,72.62202161447813,332.90267405039515,20.6,36.6,15.0
H2S-2026-0064,images/train/H2S-2026-0064_30ppm_LED.png,train,30.0,LED,card_warp,122.65560471976401,156.84761330115313,180.88026280504155,62.94485546737658,71.79551923714409,59.45911232469362,101.95850093858944,91.67940466613032,180.88026280504155,6.608610066419393,31.0633062726541,59.45911232469362,62.0290358031118,-4.922231161169214,-17.117725931885225,25.926516083375457,6.198133072942249,7.331604997260474,0.6614482830227083,0.7560340038643291,0.8378977442857319,0.7648694364976233,-0.11885425485113554,-10.044196520120515,41.970043550336975,36.732401231746174,149.57669616519175,67.56591254609317,1100.857066237597,20.5,52.8,15.0
H2S-2026-0065,images/train/H2S-2026-0065_30ppm_LED.png,train,30.0,LED,card_warp,145.523598820059,183.548873692679,202.1781979082864,64.58605775093342,72.63586568895904,57.71695829420625,98.63710109949048,80.87188254223652,202.1781979082864,7.13621926411884,34.004690816939544,57.71695829420625,71.62341793783752,-7.695494770716009,-14.121815500134085,26.05195945088904,6.2449708231905685,8.152449552815387,0.942820994172692,1.0483498611766824,1.089453588379959,1.0396963883294321,-3.8316603480580502,-5.777861251768067,33.799171465936446,44.26759138722069,174.24691606328776,68.54679438253801,467.5106892870208,20.6,51.4,15.0
H2S-2026-0066,images/test/H2S-2026-0066_30ppm_LED.png,test,30.0,LED,card_warp,134.86826226870474,172.85659694288012,192.9034593724859,63.97948399427535,73.25252422247918,60.00670214953476,99.80886296594261,86.04759989273263,192.9034593724859,6.7656935366321305,31.79602609890304,60.00670214953476,67.71276008392093,-7.121614373826763,-14.941204076159828,26.30704898907181,6.453223979288361,7.2923908699465585,0.8061981862693987,0.921002919408008,0.9799585832532335,0.9189075756705942,-3.02738779430607,-7.637282507532383,36.785495271320166,41.49487938975078,163.85478680611425,68.931938844254,708.8952089868995,20.8,58.1,15.0
H2S-2026-0067,images/holdout/H2S-2026-0067_30ppm_fluorescent.png,holdout,30.0,fluorescent,card_warp,112.22975328506303,156.01086082059533,189.193818718155,56.687604958047075,71.65568849567468,53.44605445492561,102.5384151246983,112.22003218020917,189.193818718155,7.311476980596668,32.648316454843915,53.44605445492561,61.60677572181997,-4.813019576293913,-22.299410029498524,25.227986697076823,9.99087647495876,9.645127361457472,0.6619352598264504,0.7519691176539959,0.8584406434020633,0.7676896631717516,3.6654662624860475,-11.430673646056256,45.98626674002377,38.99838995713459,146.88817377312952,64.92464714194969,1182.8771322813493,23.3,53.8,15.0
H2S-2026-0068,images/holdout/H2S-2026-0068_30ppm_fluorescent.png,holdout,30.0,fluorescent,card_warp,133.87744703673908,184.21339501206756,207.53016894609814,58.96515621026384,73.00725936367637,52.399091126369456,98.65721373022258,98.76407884151247,207.53016894609814,7.9559339369078295,34.939196306613226,52.399091126369456,71.49080603010846,-9.648096004290695,-17.585210512201662,25.485876624387167,9.948040984901679,10.482393702357665,0.9225355673427562,1.057990610043422,1.0933343764321402,1.0461660418170593,-4.646462017362596,-5.874426198476179,37.02298317053006,46.12932344241336,172.0113301153124,66.24824465522691,442.9615927454224,22.9,55.2,15.0
H2S-2026-0069,images/holdout/H2S-2026-0069_30ppm_fluorescent.png,holdout,30.0,fluorescent,card_warp,125.94958433896487,173.5939259855189,199.0246044515956,59.356144781023524,73.72340979019279,54.82918816326948,99.92129257173505,102.53197908286404,199.0246044515956,7.702602698217761,34.10769991485912,54.82918816326948,67.59647489996267,-8.215272190935908,-18.504759989273264,26.010500167973518,9.712872254692142,9.784732684175644,0.8030429222435815,0.9262069070909071,0.9948778249726838,0.9254305186553516,-2.36314800792937,-8.443213148314666,39.72571676006126,43.34335254756632,162.3864977205685,67.05910548435278,747.0201095519013,20.7,50.8,15.0
H2S-2026-0070,images/train/H2S-2026-0070_30ppm_dim_indoor.png,train,30.0,dim_indoor,card_warp,165.25623491552696,158.99711718959506,128.46835612764815,71.53872000569055,71.9400388695106,43.8077084165877,23.068114776079376,49.3547197640118,165.52420219898096,15.540591222844704,20.57919736094071,71.27912561090659,64.27026643320241,-2.532381335478681,16.16733708769107,26.211151675022066,4.767702189279297,13.777749556897263,0.7781321299413022,0.7620286758155494,0.6730813624699997,0.7764093091207084,-1.2483399411431635,6.8890146476039185,28.082966628284662,43.042081094743764,157.32656208098686,68.65943402918738,893.2986055242692,20.4,46.1,15.0
H2S-2026-0071,images/train/H2S-2026-0071_30ppm_dim_indoor.png,train,30.0,dim_indoor,card_warp,188.57093054438187,181.02185572539554,144.22546259050685,72.18686083453379,72.46094225158159,43.699216604712305,22.764414052024673,53.08862965942612,188.78352105122016,15.790759725796624,20.103264571192856,71.89808159563904,72.6102776857592,-2.8065164923572,19.153660498793244,26.306104001758325,4.955349078142985,13.514321560639022,1.04236942309419,1.0342400012193016,0.9313967165766353,1.033893592868629,-2.0099478649062195,8.169183374610242,20.74607653973447,50.3861014763871,179.25194422097076,68.95347613708543,491.37413757679457,23.0,35.2,15.0
H2S-2026-0072,images/train/H2S-2026-0072_30ppm_dim_indoor.png,train,30.0,dim_indoor,card_warp,178.24570930544382,172.75824617860016,138.41284526682756,73.89294804791209,73.10390845728978,44.29365162571221,24.755162241887906,48.93503620273532,178.55644945025475,14.535403216577691,22.28633246591772,73.52812788730877,69.32418931638088,-3.0879592384017163,17.684633950120677,26.654777213692743,4.607703664198401,13.881544316104907,0.9295958956461323,0.924138318793869,0.8246037906800919,0.9312752290554942,-2.1996150118221967,7.470037000229603,23.470556599438087,48.22691334708517,170.605054974524,69.85332504062607,992.67140824588,23.3,43.9,15.0
H2S-2026-0073,images/train/H2S-2026-0073_50ppm_daylight.png,train,50.0,daylight,card_warp,124.11678734245106,134.31436041834272,131.23625636899973,45.65611382038576,41.62504461538287,26.163044988547664,77.7056181281845,46.71118262268705,140.63227406811478,32.87820390240448,10.222680808816706,37.19710787083603,54.72633676694062,-3.981630463931349,0.1442746044515956,16.088685582981338,1.6344902908251355,9.376826794578946,0.6025285899277509,0.6412161877149624,0.6233074172063112,0.6604895416217802,-3.09628188005335,1.1889369138197878,39.22721396797914,32.41561767025178,130.9890050951998,40.97347233957013,238.73996126318465,23.1,55.8,15.0
H2S-2026-0074,images/test/H2S-2026-0074_50ppm_daylight.png,test,50.0,daylight,card_warp,143.68771788683293,150.49296057924377,142.18215339233038,47.386900390660664,42.30645537728943,25.192988135502798,65.23390989541431,41.594261196031105,155.50978814695628,35.87721799801757,9.735990921569366,37.01174098804549,61.23523101919771,-3.5384821668007507,3.0031509788146957,16.206698962675635,1.6244088644922663,10.082306933782512,0.8283169017558644,0.8561692340121669,0.8201966036337313,0.8734284718051766,-2.7759549336852873,1.9808198241306139,32.153665334815294,39.42691035414587,147.35136765888979,41.97544063048784,204.05541519233375,20.6,47.7,15.0
H2S-2026-0075,images/test/H2S-2026-0075_50ppm_daylight.png,test,50.0,daylight,card_warp,136.05866183963528,144.26059265218558,137.60083132207026,47.78441524140649,42.61122564665167,26.202930125787574,69.58816036470904,43.61672030034862,149.5124698310539,35.26409296944766,9.951719700153745,37.87808480066887,58.62574206405543,-3.9208903191204074,2.213931348887101,16.50144461951281,1.40194503856653,9.720629467251,0.7314007320854723,0.7656234272631592,0.7352358519003204,0.7833039127396536,-3.161358728706465,1.7564150090178288,34.90186001742006,36.92666033822734,141.06415929203538,42.17150237702175,379.81474458451186,22.8,49.5,15.0
H2S-2026-0076,images/validation/H2S-2026-0076_50ppm_LED.png,validation,50.0,LED,card_warp,101.53754357736659,132.5974121748458,159.24376508447304,37.26985152420178,41.076106736844466,31.974775597032963,103.50167605256101,97.12402788951462,159.24376508447304,4.390216197810739,27.714949632270578,31.974775597032963,53.64143780333266,-3.4831724322874766,-17.855993563958165,15.331285662507229,4.265953888932179,6.361119591928551,0.5529778376540637,0.6343274488373654,0.7290488470234695,0.6580938472220506,2.1568057812201555,-9.842649337378646,48.67161175485337,37.24087422001102,126.13173773129526,39.03036696142295,314.34292034948766,21.8,42.2,15.0
H2S-2026-0077,images/train/H2S-2026-0077_50ppm_LED.png,train,50.0,LED,card_warp,118.16291230893,147.8726870474658,170.23411102172165,39.45787435258126,41.23186862926614,30.4208750410283,102.24705014749263,83.04317511397157,170.23411102172165,4.495614950327998,30.560014191192117,30.4208750410283,59.452594660819535,-4.270514883346742,-15.353915258782516,15.406947433781436,3.9828463011353,6.8070596219287545,0.7465694410004249,0.8405629055272351,0.9286048720538385,0.8570280996276702,-0.7879440772465287,-9.448686500612576,42.64113673320354,43.84919881606773,141.38871010994905,39.61528104163101,180.1020901233913,24.2,59.6,15.0
H2S-2026-0078,images/train/H2S-2026-0078_50ppm_LED.png,train,50.0,LED,card_warp,110.16002949852508,141.56295253419148,163.9632609278627,38.47944306843803,42.149746048496944,31.380466852032583,101.50127379994636,88.47599892732636,163.9632609278627,4.79348925868309,29.016310233401626,31.380466852032583,56.949032227533,-4.5966747117189595,-15.870139447573075,15.693962044434125,4.7285499296537585,7.084298090767652,0.6592527984200789,0.7530435160034696,0.8321558708616492,0.7721639906887136,-0.23011697751416982,-8.559409600078519,44.924949455682274,41.34240713074884,134.5638240815232,39.86655657352321,438.4984819386527,23.9,51.2,15.0
H2S-2026-0079,images/holdout/H2S-2026-0079_50ppm_fluorescent.png,holdout,50.0,fluorescent,card_warp,95.12241887905604,133.69522660230624,172.24953070528292,35.467190356572765,42.72271201627986,34.59830131944138,104.67008581389112,118.62188254223652,172.24953070528292,3.2247481383495455,24.4665195812469,34.59830131944138,54.18258587961867,-2.2448377581120944,-24.593456690801823,15.613045759490577,5.44067601664163,5.4853269825959385,0.5428934807679597,0.6444615171636283,0.7837353326937051,0.6720581116746178,4.497264638402061,-14.491604838949975,52.63827033991549,39.02763473218374,126.45964065433093,39.64214311612023,969.935907750067,20.6,52.7,15.0
H2S-2026-0080,images/holdout/H2S-2026-0080_50ppm_fluorescent.png,holdout,50.0,fluorescent,card_warp,109.57354518637705,149.84204880665058,183.32408152319655,35.772910810038915,42.746952507888565,33.042184563189245,103.40030839367122,106.49088227406811,183.32408152319655,3.5358824036696457,24.637913887951566,33.042184563189245,60.06110033179267,-4.280772325020113,-22.17772861356932,15.502395269368407,5.808846772364256,6.070890772013324,0.736079049581932,0.8556796795408251,0.9818913116804254,0.874153059393262,0.5539226640866382,-13.102292883721823,46.89321819034419,45.65717124506437,141.57857334406006,39.53680671238028,182.64262335782806,24.7,47.2,15.0
H2S-2026-0081,images/holdout/H2S-2026-0081_50ppm_fluorescent.png,holdout,50.0,fluorescent,card_warp,103.10840707964601,141.4486457495307,179.92665593993027,35.84483158435647,42.80948213541511,34.21039143858853,104.91452131938857,113.22512737999463,179.92665593993027,3.432254515145059,24.831437664331467,34.21039143858853,57.0620836159618,-2.317377312952534,-24.392263341378385,15.67609459965937,5.554271208162862,5.660905218618345,0.6696286596012093,0.7525477510363505,0.8951211087511264,0.7813418005393428,4.853918983343757,-13.518080334842441,50.46573407125829,43.147441833500004,134.45722713864308,39.486606884926076,495.3164882724684,23.5,50.6,15.0
H2S-2026-0082,images/test/H2S-2026-0082_50ppm_dim_indoor.png,test,50.0,dim_indoor,card_warp,147.99839098954143,133.3020246714937,109.69120407615983,53.73014295868992,41.45747463276524,25.02376141636726,21.00167605256101,56.83480825958702,148.28251541968356,14.097477370146633,30.901068541022667,53.45067969222729,56.0705966484207,1.7270716009654064,14.394073478144275,16.556908337722888,2.3825298903549097,11.612669460040827,0.7048639321836525,0.6430025321461504,0.5725891237970435,0.6820938452807014,3.3599692044512506,6.104857791869772,36.1121936821349,43.455333740558295,134.75770984178064,43.222842998074086,1499.3599695031246,21.0,52.0,15.0
H2S-2026-0083,images/train/H2S-2026-0083_50ppm_dim_indoor.png,train,50.0,dim_indoor,card_warp,170.3946098149638,147.24758648431214,118.68376240278896,55.07735565884147,40.68761412381683,20.298561462063137,17.38877715205149,67.847747385358,170.59030571198713,13.384359859574262,31.38479428058466,54.79519350553505,62.12063371875969,4.4775408956824885,17.729082864038617,16.39945503895235,2.448168466735095,12.169090659871527,0.9452452245779362,0.8477298794010065,0.7482830374239428,0.8897738762411117,3.7561356669243304,8.575488092796775,30.912818928325112,50.36395317292423,151.12302225797802,42.50471970240713,213.51719317999337,20.5,56.1,15.0
H2S-2026-0084,images/test/H2S-2026-0084_50ppm_dim_indoor.png,test,50.0,dim_indoor,card_warp,158.9953740949316,139.13254223652453,115.13468758380263,54.371706125319484,40.63429357278035,22.231057684251994,17.692477876106196,60.824148565299005,159.27869401984447,14.912254297701095,31.5474882666587,54.00971555587941,58.66715042144506,3.968557253955484,14.912577098417806,16.528939245408083,2.310826788106428,11.947559055013908,0.8277862412682816,0.7404828988453015,0.6612651332271667,0.7838627661381937,4.25722827792062,7.193622850051803,33.82674278683409,47.901452318650755,142.13569321533924,42.692421934692135,728.3073027493339,21.9,44.7,15.0
H2S-2026-0085,images/train/H2S-2026-0085_75ppm_daylight.png,train,75.0,daylight,card_warp,99.31161169214266,108.19502547599893,107.38046393134888,17.20206997352426,14.318887845587618,16.214516857786112,74.18724859211585,49.19898096004291,114.28881737731295,35.23236471831525,7.377394318923767,14.191030367906503,44.97725826721141,-2.842518101367659,-0.7184231697506034,5.863362154880086,0.7111284048703893,8.272273123853141,0.48441728431169234,0.5194535934895971,0.5130707959744455,0.5458176208323051,-2.1695878181432557,0.33359208079405267,48.74721941759606,32.36156731343069,105.70823277017968,14.107183250704619,519.3864306784661,21.3,55.9,15.0
H2S-2026-0087,images/train/H2S-2026-0087_75ppm_daylight.png,train,75.0,daylight,card_warp,103.90533655135425,109.03975596674712,106.06838294448914,16.224818216149313,12.016507330555173,13.758266852007019,66.42645481362295,47.94086886564763,115.76816840976133,38.77892377307441,5.581257221822925,11.190536140526401,45.47810220897155,-1.974792169482435,1.13710109949048,5.0715029964117955,0.6428705202038828,8.601104051174941,0.5558871847937211,0.5775465786052062,0.5684764348225739,0.6059838056302782,-1.3555111237308006,0.06329935657109398,47.78325822267956,36.55465373939651,107.05919817645481,12.105935836988648,215.35899594985872,22.5,35.5,15.0
H2S-2026-0088,images/test/H2S-2026-0088_75ppm_LED.png,test,75.0,LED,card_warp,82.14414052024671,106.28854920890319,130.64883346741755,13.877374743040454,13.887047904585124,18.609313690388767,102.81409224993295,91.92075623491553,130.64883346741755,5.431041394934297,33.20456995152422,18.609313690388767,44.07261054059597,-2.1897961920085813,-16.442544918208636,5.345281314513167,2.7701538123423477,9.313502861189292,0.4490174123766059,0.5086060305523278,0.5983124973402674,0.540529812642179,3.8826438951373823,-8.372011149145461,55.74431483834228,36.964657763535996,101.95132743362832,13.108932243577065,257.7713864306785,20.9,54.5,15.0
H2S-2026-0089,images/train/H2S-2026-0089_75ppm_LED.png,train,75.0,LED,card_warp,87.34379190131402,110.8987664253151,129.2641458836149,11.813761727429481,9.246813636948646,14.742860027029074,100.18403057119872,79.68845534995978,129.26689460981495,6.4677026057677125,35.534662023855915,14.741916922345373,45.63119482172059,-3.7491954947707162,-12.948511665325825,3.642549685191266,2.718547928391306,9.855249144687972,0.5671484240895782,0.6373073388637293,0.6995025438751393,0.6657985985574667,-0.33307349041341094,-4.5991107938661315,52.72620225129625,44.39573178794065,105.87013944757308,8.70503602479299,22.88691108394189,22.7,41.3,15.0
H2S-2026-0090,images/validation/H2S-2026-0090_75ppm_LED.png,validation,75.0,LED,card_warp,83.91693483507643,107.45762939125771,128.43952802359883,12.835416908294876,11.71484579835826,16.574644969894685,101.6092115848753,85.34566908018236,128.43993027621346,5.826472391263899,34.397996445157915,16.574476547684426,44.29045793699619,-2.723652453740949,-14.484848484848484,4.555306445227957,2.9296170228657994,9.555407768862024,0.5147787974707366,0.5698792823869127,0.6492908598464088,0.6013920187281232,3.0990599645597046,-6.604946524064175,54.595041724576035,41.393650864635376,103.02413515687851,10.958316250615628,293.1510419329743,21.8,54.9,15.0
H2S-2026-0091,images/holdout/H2S-2026-0091_75ppm_fluorescent.png,holdout,75.0,fluorescent,card_warp,75.7953875033521,107.02956556717619,140.32166800750872,14.725998199533414,15.807800675213182,19.146565012815962,104.15017430946635,115.63334674175383,140.32166800750872,3.884784850557834,28.19812172837714,19.146565012815962,44.23406369788462,-1.3657817109144543,-21.48136229552159,5.855013784391659,4.325071246064955,9.234213764914587,0.4454335058796841,0.5159039907936673,0.6383994887011897,0.5511665380423304,6.722998245512564,-10.920087785717666,58.332838849500185,39.25419582837108,101.38622955215875,14.751644556882809,844.7093054438187,22.1,52.2,15.0
H2S-2026-0092,images/holdout/H2S-2026-0092_75ppm_fluorescent.png,holdout,75.0,fluorescent,card_warp,80.49155269509252,109.56784660766962,138.82186913381602,10.383662982532696,9.104545863413865,15.010780309341131,103.80738803968893,104.2724591043175,138.82186913381602,4.078290096329028,29.42949623203848,15.010780309341131,45.24245579164892,-2.277420219898096,-19.152051488334674,3.399355282682303,4.06489028226377,9.676446908881417,0.5492609028874545,0.6239793245252888,0.7366194281931574,0.6579693639658488,3.597307448947214,-8.947530791166923,56.199199769622744,45.556801065624896,104.08118798605524,8.169590060283095,20.390795961631138,23.9,35.9,15.0
H2S-2026-0093,images/holdout/H2S-2026-0093_75ppm_fluorescent.png,holdout,75.0,fluorescent,card_warp,78.54042638777152,107.09030571198713,138.03003486189326,12.060349896019165,11.81062399904653,16.73324969953251,104.52742021989809,107.51501743094663,138.03003486189326,3.8591779652648266,29.641002134125873,16.73324969953251,44.33439023236004,-1.641525878251542,-20.289420756234914,4.455726658826039,3.938146728620176,9.713120080723627,0.49857023570700754,0.5684386158853754,0.6898739992607427,0.6041832773190875,5.0599991762146885,-10.55004167126759,57.57628507247211,42.89384980597873,102.30021453472781,10.790316142416978,348.37542982275795,23.2,41.2,15.0
H2S-2026-0094,images/train/H2S-2026-0094_75ppm_dim_indoor.png,train,75.0,dim_indoor,card_warp,117.65627514078841,106.71574148565298,91.12892196299276,20.913463047078018,17.767427101350027,19.197022755991952,20.38877715205149,55.47579780101904,118.00294985250737,15.14518209577824,35.18197746214827,20.65382714911531,45.74074950441426,1.9936310002681683,10.461115580584607,6.820684414246277,1.5709380219389613,7.91811830011638,0.5569305249006757,0.5118588577756733,0.48636281924854863,0.5545029545048334,4.373805292207168,-0.4511937876071208,46.38155073124911,43.15165120001061,108.36464199517297,17.823867318604602,670.3174591334426,20.9,52.8,15.0
H2S-2026-0096,images/train/H2S-2026-0096_75ppm_dim_indoor.png,train,75.0,dim_indoor,card_warp,120.98189863234111,107.21849021185304,88.1830249396621,17.013082201203247,11.232265125989594,12.36819580586665,19.47807723250201,66.29062751407884,121.24490480021454,14.454647523426722,35.39231637766288,16.537734796984036,46.12362563689997,2.466545990882274,12.469495843389648,4.58703929364244,1.7696963915918265,8.410983576114534,0.625092208927063,0.570877583093368,0.5325256307811869,0.6158770722149716,3.6814152719280244,0.5266853858733036,46.00955435729804,47.886984790121915,109.2007910968088,11.685351558576949,555.5866161804937,23.2,46.2,15.0
H2S-2026-0097,images/validation/H2S-2026-0097_100ppm_daylight.png,validation,100.0,daylight,card_warp,77.07877447036739,84.3515687851971,86.23625636899973,20.27862444246245,28.30425807708595,37.22259821241134,72.53781174577635,56.27212389380531,91.40332528828104,38.547444127880205,8.5047998417527,31.02411236560735,35.026790549955564,-2.0353311879860554,-1.6240278895146152,11.567699490504635,1.2729623415815163,7.070411438802173,0.3738529937815463,0.4024041965585501,0.41009521769030943,0.42238605202613305,-1.107498943977343,-0.7443982598849819,58.58867332208266,32.21502576325322,82.48994368463396,26.91915716541211,195.02051488334675,21.7,58.5,15.0
H2S-2026-0098,images/test/H2S-2026-0098_100ppm_daylight.png,test,100.0,daylight,card_warp,73.24758648431215,76.38723518369537,75.45333869670152,19.27936887714414,27.840463366852962,37.53045292833001,58.65902386698847,59.57904263877715,83.55048270313758,41.28170607986385,10.872465193251218,30.25228126976497,32.00432224378087,-1.2288817377312953,0.7873424510592653,11.535818817785712,1.6395200912108807,7.1607198267749395,0.41751806515118634,0.43462970079556684,0.43637590081031685,0.45528953837134795,-1.0273566832650645,-0.801982167677119,61.03488695482094,39.40260137358856,75.22660230624832,26.241608606785398,39.93868143052781,21.7,58.1,15.0
H2S-2026-0099,images/train/H2S-2026-0099_100ppm_daylight.png,train,100.0,daylight,card_warp,73.2870742826495,78.53533118798606,79.88649772056851,19.644536141360028,28.193259966046075,37.914903130133325,64.31161169214266,57.684231697506036,86.13549208903191,41.132706524716085,7.036637119624951,31.632214929596557,32.676031528191864,-1.5194422097076965,-1.028626977742022,11.535289338383922,1.564929778980268,7.278492510363536,0.39292116871158395,0.4146489870684082,0.42226796264483557,0.4343111963044971,-0.7111633426052946,-0.653626977742022,60.74000474463645,36.73069545439477,77.0842719227675,26.673096574370966,98.27860135377944,22.3,52.2,15.0
H2S-2026-0100,images/train/H2S-2026-0100_100ppm_LED.png,train,100.0,LED,card_warp,63.305242692410836,83.1924778761062,104.05893000804505,18.123169274429458,29.25933185620576,44.48258538223911,100.48424510592652,82.90600697237865,104.05893000804505,7.393424858234685,42.603367758183055,44.48258538223911,34.309913292214176,-1.5119334942343792,-13.90117994100295,12.0732383560121,0.9856463779586965,10.031100535772318,0.3483924528931422,0.4004068241571806,0.48129737309821885,0.4243202317484077,4.46028872798785,-6.453195191547605,63.239855333409636,36.89349318936937,79.61765888978279,27.322427628814516,756.1419951729687,20.6,46.2,15.0
H2S-2026-0101,images/train/H2S-2026-0101_100ppm_LED.png,train,100.0,LED,card_warp,59.426991150442475,75.16733708769107,92.39869938321266,15.588417471834262,27.331644547786453,45.75759431285972,98.44757307589165,69.15593993027622,92.45219898096005,9.180141984088744,45.613325261227885,45.70608038598674,30.964722708606107,-1.1023732904263879,-11.41116921426656,11.497914497282594,1.1461536872105251,11.248733724536782,0.38160442556182833,0.427949966255745,0.4966813897251641,0.4475148289441824,2.7494785614254598,-3.232792307948481,65.37123525150001,44.16374899999418,72.69267900241351,25.95719091685612,66.12833997857385,20.5,44.8,15.0
H2S-2026-0102,images/train/H2S-2026-0102_100ppm_LED.png,train,100.0,LED,card_warp,60.28519710378117,78.34808259587021,96.00087154733173,16.42921376282554,28.22870284772482,45.17485544273018,97.34969160632878,75.62148028962189,96.3047063555913,10.018613705531804,43.64722796887536,44.859211924089614,32.277039000099904,-1.8579377849289354,-11.971171895950658,11.787646189970316,1.097852866988988,11.082383675792274,0.36632314310905184,0.4177350940787504,0.4892769011880964,0.43892374240103094,2.977846528796548,-4.665344009240425,64.35981051792812,41.45342994291495,74.99061410565835,26.513255444491712,337.67950011437966,23.8,44.1,15.0
H2S-2026-0103,images/holdout/H2S-2026-0103_100ppm_fluorescent.png,holdout,100.0,fluorescent,card_warp,57.4955081791365,82.8525744167337,111.19274604451596,17.11792953606013,28.46685700336137,48.577763072268375,102.22687047465809,108.00160901045857,111.19274604451596,6.545231521189564,37.815142204946056,48.577763072268375,34.08354760515093,-0.8122821131670689,-18.69341646554036,11.9640134586782,2.4872750691943177,12.823703502249415,0.33688183008715383,0.3962921250252326,0.5021198539454648,0.42178141851955936,7.696432483782817,-7.899026487326857,65.54720825738468,38.985786874851144,78.6675382139984,27.34070899954306,326.19650039775803,20.6,59.4,15.0
H2S-2026-0104,images/holdout/H2S-2026-0104_100ppm_fluorescent.png,holdout,100.0,fluorescent,card_warp,54.87892196299276,75.32971305980155,96.8793242156074,15.123446916146033,27.050483270317454,48.70031713674193,100.17518101367659,91.03278358809332,96.90366049879324,6.834456206157735,39.07301181979987,48.67632612612037,31.012467201951846,-1.170353982300885,-14.321668007508716,11.735136990753034,2.928418044375425,13.067302722282509,0.36587010778836976,0.4318681812520746,0.5160556215887383,0.45173496822980347,2.5951688935161132,-4.470633149120911,66.42543476688574,45.64514775417615,71.58782515419684,25.952056727631582,33.93177445343158,22.6,38.7,15.0
H2S-2026-0105,images/holdout/H2S-2026-0105_100ppm_fluorescent.png,holdout,100.0,fluorescent,card_warp,54.94462322338428,76.73256905336551,101.39849825690534,16.21104828617931,28.07807924916432,48.8617017453324,101.70374094931617,98.84238401716277,101.41163850898364,6.050891656616041,38.92056053686555,48.84671580754326,31.672108907923587,-0.6186645213193885,-16.309868597479216,12.063203770067702,2.7972154558777342,12.775008566803471,0.3523136797557147,0.4069012034866492,0.5035695349684016,0.43071315554304923,6.048819138811325,-5.865968815344139,66.6411923690691,43.03076779210241,73.04961115580585,26.684093537750087,387.2963705178426,21.8,51.8,15.0
H2S-2026-0106,images/test/H2S-2026-0106_100ppm_dim_indoor.png,test,100.0,dim_indoor,card_warp,92.94938321265755,84.19884687583803,71.88891123625636,27.23903553001487,32.351503086494375,35.78858106418961,20.607334406006974,70.88777152051489,93.25227943148298,14.128151446271925,47.233716874243086,27.401690084785205,36.15488566035156,1.393336015017431,8.80443818718155,12.812250436145135,2.121814849815635,4.499117536547605,0.43833856912569724,0.4032630691218199,0.3898650738736211,0.4374386396541061,3.845950394102394,-3.580365734387069,55.987645674637285,43.33308292390345,85.17987396084742,31.094161872153975,669.003352105122,20.1,42.8,15.0
H2S-2026-0107,images/train/H2S-2026-0107_100ppm_dim_indoor.png,train,100.0,dim_indoor,card_warp,84.94234379190131,74.64481094127112,61.444019844462325,22.34181067267883,27.397592309996647,31.725792274621536,19.006704210244035,83.9115714668812,85.15560471976401,11.857616362789848,48.000651116002736,22.38748249765532,32.22303724385973,2.123424510592652,9.921962992759452,11.257144365531488,2.125232078819657,4.2732584514879814,0.4698815104562228,0.4249882483364538,0.39506505119727414,0.45772848455739434,3.4986968417473423,-1.1314139135586263,59.894568157937435,50.62895724681149,76.05289621882542,26.09812340210526,54.40441115819341,22.7,48.7,15.0
H2S-2026-0108,images/train/H2S-2026-0108_100ppm_dim_indoor.png,train,100.0,dim_indoor,card_warp,86.35532314293376,77.36973719495843,65.3138240815232,23.691716939712492,28.946944165488574,33.709563531284786,20.24597747385358,76.62503352105122,86.67196299275945,13.923816075567455,50.00819845127063,23.776355737956507,33.21894110285573,1.7665593993027622,9.087154733172433,11.87478312931212,2.051906866937539,5.070412619064921,0.44985536183276836,0.4134986274719349,0.3742229244233378,0.4446235829467192,1.6687925147711817,2.0743551689022794,58.91817549388214,47.997414780189644,78.61423974255833,27.676504358429934,587.8532934338435,24.0,41.8,15.0
